First Name,Last Name,Email Address,Company,Position
James,Horton,sherylthompson@hotmail.com,"Barnes, Gross and Burton",Haematologist
Steven,King,danielchavez@rice.com,"Barnes, Gross and Burton","Engineer, electrical"
Tyler,Richards,cschmidt@gonzalez.com,"Barnes, Gross and Burton",Commercial art gallery manager
Dennis,Levine,ylambert@chase-hancock.com,"Barnes, Gross and Burton","Buyer, industrial"
Rachel,Williams,doylethomas@gmail.com,"Barnes, Gross and Burton",Applications developer
Robert,Morgan,diane89@stephenson.com,"Barnes, Gross and Burton",Environmental consultant
John,Green,uhorton@hotmail.com,"Barnes, Gross and Burton","Producer, radio"
Rachael,Erickson,john54@hotmail.com,"Barnes, Gross and Burton",Field seismologist
Jeremy,Kim,uponce@ross.com,"Barnes, Gross and Burton",Government social research officer
Natalie,Cooper,smithmaria@jones-miller.com,"Barnes, Gross and Burton",Technical brewer
Bonnie,Rodriguez,shuff@phillips-duran.info,Garcia-Norris,Social researcher
Jason,Deleon,michellerobbins@yahoo.com,Garcia-Norris,"Surveyor, commercial/residential"
William,Hoffman,walshkimberly@berry-jones.net,Garcia-Norris,Health promotion specialist
Kevin,Smith,tabitha45@lewis-garcia.info,Garcia-Norris,Meteorologist
Bryan,Levine,victoria83@gmail.com,Garcia-Norris,"Copywriter, advertising"
Courtney,Brooks,christopher48@robinson.org,Garcia-Norris,Proofreader
Janice,Boyle,abigail95@gmail.com,Garcia-Norris,Event organiser
Thomas,Adams,nortega@gmail.com,Garcia-Norris,Warehouse manager
Vanessa,Bell,yflores@yahoo.com,Kelley LLC,"Nurse, children's"
Lucas,Taylor,jimenezjoanna@buchanan.com,Kelley LLC,Mudlogger
Alicia,Wright,davidrusso@munoz.info,Kelley LLC,"Editor, film/video"
Brian,Long,fboone@hurley.com,Kelley LLC,Trading standards officer
Eric,Brown,vegaleah@benson.biz,Kelley LLC,"Designer, furniture"
Charles,Rivera,laurenduran@taylor.com,Kelley LLC,Lawyer
Tristan,Jackson,thomas44@yahoo.com,Kelley LLC,Electrical engineer
Samuel,Gonzalez,phillipsholly@levy-weiss.com,Kelley LLC,"Engineer, biomedical"
Donna,Hammond,ythomas@yahoo.com,"Gaines, Henry and Rivera",Charity fundraiser
Jessica,Gill,arnolderin@hotmail.com,"Gaines, Henry and Rivera",Senior tax professional/tax inspector
Jenna,Guerra,millerjessica@beltran-howard.biz,"Gaines, Henry and Rivera",Community education officer
Grace,Carter,william21@hamilton.com,"Gaines, Henry and Rivera",Event organiser
Abigail,Harris,chavezsamantha@davis-torres.com,"Gaines, Henry and Rivera",Actor
Fernando,Williamson,brownjennifer@hayes.com,"Ramirez, Sampson and Calderon",Volunteer coordinator
Robert,Vazquez,llynch@duncan.com,"Ramirez, Sampson and Calderon",Statistician
Anna,Brown,katie85@moran-kelly.com,"Ramirez, Sampson and Calderon",Research scientist (medical)
Shannon,Cobb,alexandra47@yahoo.com,Snyder-Burns,Agricultural engineer
Lisa,Shaw,brian41@yahoo.com,Snyder-Burns,Speech and language therapist
Walter,Everett,esimmons@patterson.biz,Snyder-Burns,Herbalist
Timothy,Short,mark39@nelson.com,Snyder-Burns,"Nurse, learning disability"
Scott,Long,lunamichael@yahoo.com,Snyder-Burns,Sports coach
Edwin,Myers,victor23@yahoo.com,Snyder-Burns,Nature conservation officer
Adam,Harris,gabriela34@gardner.net,Snyder-Burns,Medical secretary
Kayla,Sims,rossapril@west-howard.com,Snyder-Burns,Lawyer
Natalie,Smith,heathertaylor@yahoo.com,Snyder-Burns,Location manager
Jasmine,Yoder,emma70@hotmail.com,Norton Ltd,Volunteer coordinator
Courtney,Kirk,anna61@hotmail.com,Norton Ltd,"Surveyor, land/geomatics"
Robert,Hernandez,raymond79@flores-rodriguez.org,Norton Ltd,Technical sales engineer
Kristine,Cole,laura44@yahoo.com,Norton Ltd,"Geologist, engineering"
Mariah,Williams,bentonjerry@frank-wilson.com,Norton Ltd,Retail banker
Lisa,Bullock,chad75@yahoo.com,Norton Ltd,Air broker
Kim,Harvey,travis33@gmail.com,Brown PLC,Drilling engineer
Brad,Santana,nancydavis@fischer.com,Brown PLC,Higher education lecturer
Jenna,Reed,michael41@hotmail.com,Brown PLC,Geophysicist/field seismologist
Kathleen,Montgomery,merrittcassandra@frost-white.com,Brown PLC,Music therapist
Paul,Cooper,anthonysimon@hotmail.com,"Mcgrath, Morrow and Reyes",Merchant navy officer
Peter,Moyer,lscott@yahoo.com,"Mcgrath, Morrow and Reyes",Lawyer
Erin,Khan,aaron85@gmail.com,"Mcgrath, Morrow and Reyes",Financial planner
Benjamin,Buckley,francisco26@gmail.com,"Mcgrath, Morrow and Reyes",Historic buildings inspector/conservation officer
Dustin,Weiss,lambertnatalie@yahoo.com,"Mcgrath, Morrow and Reyes",Tourist information centre manager
David,White,jesusalvarado@yahoo.com,"Mcgrath, Morrow and Reyes",Theme park manager
Tyler,Brown,daughertydavid@moreno.biz,"Mcgrath, Morrow and Reyes",Chemical engineer
Michael,Ferrell,virginiaallen@gmail.com,"Mcgrath, Morrow and Reyes","Teacher, English as a foreign language"
Janet,Glover,raykelly@collins-martinez.com,"Mcgrath, Morrow and Reyes",Legal executive
Michael,Blackwell,claudia79@davis.com,Edwards-Dalton,Structural engineer
Norman,Brown,melaniesimon@mckee-campbell.com,Edwards-Dalton,"Engineer, manufacturing systems"
Jeremiah,Hart,katherinemckay@hotmail.com,Edwards-Dalton,Aeronautical engineer
Natasha,Richards,sherry77@mccall.com,Edwards-Dalton,Publishing copy
Michael,Barrett,mhall@yahoo.com,Edwards-Dalton,Computer games developer
Curtis,Harris,yross@martin.org,Edwards-Dalton,"Education officer, environmental"
Chad,Phillips,hubbardjennifer@hotmail.com,Edwards-Dalton,Dietitian
Cynthia,Moreno,matthewsmary@gmail.com,Martin-Montgomery,Dietitian
Suzanne,Livingston,pamelamartin@hotmail.com,Martin-Montgomery,"Engineer, control and instrumentation"
Lisa,Dunn,clarkmichael@strickland.com,Martin-Montgomery,Actuary
Bryan,Espinoza,zperry@hotmail.com,Martin-Montgomery,Futures trader
Rebecca,Mason,marysmith@le.net,Martin-Montgomery,Chartered certified accountant
Mark,Pennington,michael82@johnson-cardenas.biz,Martin-Montgomery,Magazine features editor
Chris,Tucker,andersoncharles@love.com,Martin-Montgomery,"Surveyor, quantity"
Linda,Page,christopher89@gmail.com,Washington-Cooper,Furniture conservator/restorer
Christopher,Stewart,brent35@gmail.com,Washington-Cooper,Physiotherapist
Teresa,Petersen,gyates@hotmail.com,Washington-Cooper,Product designer
Arthur,Gross,richard49@rubio-mcdowell.biz,Washington-Cooper,Chartered accountant
Manuel,Thompson,jonathanprice@anderson-martin.biz,Washington-Cooper,Petroleum engineer
Sarah,Wilkins,harrisonwilliam@gmail.com,Washington-Cooper,Technical sales engineer
Jillian,Phelps,cartermelvin@gmail.com,Washington-Cooper,Fisheries officer
Kristen,Vasquez,riveracharlene@gmail.com,Washington-Cooper,Meteorologist
Joseph,Woods,usmith@ferguson.biz,Reynolds-Watkins,Pensions consultant
Erica,Meadows,reginaholder@medina-orr.com,Reynolds-Watkins,"Scientist, biomedical"
Justin,Yu,william60@hotmail.com,Reynolds-Watkins,Police officer
Kari,Powell,schneiderjulie@gmail.com,Reynolds-Watkins,"Teacher, music"
Brandon,Bailey,fjones@gmail.com,Reynolds-Watkins,Chief Strategy Officer
Tommy,Vargas,hnichols@yahoo.com,Reynolds-Watkins,Architectural technologist
Ashley,Lang,fishermark@hotmail.com,Reynolds-Watkins,Microbiologist
Joshua,Hughes,melissa02@hotmail.com,Reynolds-Watkins,"Therapist, drama"
Steve,Edwards,sheri75@gutierrez.org,Reynolds-Watkins,Training and development officer
Christopher,Davidson,acampbell@kirby.com,Morgan-Armstrong,Actuary
Shelby,Best,vmorales@miller.com,Morgan-Armstrong,Engineering geologist
Mark,Martinez,katrina28@jenkins-chavez.net,Morgan-Armstrong,"Psychotherapist, dance movement"
Brett,Thornton,newtonjoseph@hotmail.com,Morgan-Armstrong,"Engineer, materials"
David,Moran,yarcher@yahoo.com,Morgan-Armstrong,Energy engineer
Reginald,Morris,nharmon@navarro-sutton.com,Morgan-Armstrong,Clinical biochemist
Jennifer,Hurst,robert05@scott.biz,Davis Ltd,Financial manager
Christy,Higgins,ygregory@mills-smith.com,Davis Ltd,Speech and language therapist
Stephanie,Thompson,sarahtate@yahoo.com,Davis Ltd,Oceanographer
Christine,Acosta,pamela04@jordan.com,Davis Ltd,Paediatric nurse
Anthony,Williams,jeffrey44@ward-benjamin.net,Davis Ltd,Radiation protection practitioner
Zachary,Conrad,stephanie78@gmail.com,Davis Ltd,"Surveyor, mining"
Greg,Diaz,jean07@hotmail.com,"Mayo, Boyd and Patterson",Amenity horticulturist
Allison,Owens,vincent58@lee-hubbard.com,"Mayo, Boyd and Patterson",Geographical information systems officer
Sheila,Howard,princefelicia@martin.com,"Mayo, Boyd and Patterson",Professor Emeritus
Karl,Schultz,rachel86@yahoo.com,"Mayo, Boyd and Patterson",International aid/development worker
Dustin,Downs,stonestephen@brown.com,Smith and Sons,"Sound technician, broadcasting/film/video"
Darrell,Reilly,bergerlinda@yahoo.com,Smith and Sons,Ergonomist
Dylan,King,danny70@stewart.com,Smith and Sons,Ranger/warden
Kim,Elliott,brewerkenneth@hotmail.com,Smith and Sons,Soil scientist
Brooke,Deleon,susannewton@gmail.com,Smith and Sons,Ceramics designer
Michael,Johnson,matthewwilliams@gmail.com,Smith and Sons,Production engineer
Kelly,Stephenson,webbsarah@gmail.com,Smith and Sons,Medical sales representative
Heather,Nelson,caitlin38@gmail.com,Smith and Sons,Air traffic controller
Michael,Benton,robert77@hotmail.com,Smith and Sons,Television/film/video producer
Samuel,Richardson,corey78@williams-bishop.org,"Young, Roberts and Blake","Chemist, analytical"
Todd,Smith,david80@hotmail.com,"Young, Roberts and Blake",Contractor
Jason,Harper,lauraward@yahoo.com,"Young, Roberts and Blake","Designer, textile"
Andrew,Kirk,hermanmarissa@durham.com,"Young, Roberts and Blake","Producer, radio"
Gregory,Osborne,agonzalez@williams.info,"Young, Roberts and Blake","Biochemist, clinical"
Zachary,Jones,jennifer57@yahoo.com,"Young, Roberts and Blake",Office manager
Jon,Goodman,harrislauren@hotmail.com,"Young, Roberts and Blake",Information officer
Brian,Sanchez,dennis31@villa-gray.org,"Young, Roberts and Blake","Therapist, horticultural"
Joshua,Faulkner,patrickbrown@gmail.com,Hebert PLC,Medical illustrator
Gary,Roman,robertrichardson@martinez.com,Hebert PLC,Diplomatic Services operational officer
Corey,Castro,sdiaz@yahoo.com,Hebert PLC,"Surveyor, quantity"
Anna,Bennett,igordon@miranda.com,Hebert PLC,Advice worker
Kenneth,Hill,millerjacqueline@coleman-dennis.com,Hebert PLC,"Engineer, civil (consulting)"
Lauren,Craig,emily98@long.com,Hebert PLC,Textile designer
Kyle,Everett,bradycynthia@thompson-shaffer.org,"Rogers, Foster and Walker",Medical physicist
Andrea,Cruz,tamiraymond@holder.com,"Rogers, Foster and Walker","Engineer, water"
Scott,White,rodriguezstephen@hotmail.com,"Rogers, Foster and Walker","Pilot, airline"
Stephanie,Fuentes,mooreerika@hotmail.com,"Rogers, Foster and Walker",Animal technologist
Brandi,Gonzalez,nicolecuevas@hotmail.com,"Rogers, Foster and Walker",Aid worker
Gwendolyn,Allen,swhitaker@yahoo.com,"Rogers, Foster and Walker",Hydrographic surveyor
Monica,Frye,frazieremily@conner.biz,"Rogers, Foster and Walker",Environmental consultant
Adam,Brown,dhaynes@gmail.com,"Rogers, Foster and Walker",Public relations officer
Michael,Johnson,hcruz@hotmail.com,Love Inc,"Surveyor, rural practice"
Sonya,Brown,houstonalison@hanson-dougherty.com,Love Inc,Learning mentor
Sarah,Mckay,ronaldfields@hotmail.com,Love Inc,Air traffic controller
Rose,Crosby,jacobestrada@yahoo.com,Merritt Group,"Pharmacist, hospital"
Shannon,Peterson,jill91@young.com,Merritt Group,Education administrator
Joshua,Barker,jwebster@hotmail.com,Merritt Group,"Surveyor, building"
Andrea,Sanchez,travisdavis@hampton-rodriguez.com,"Lloyd, Young and Blair",Print production planner
Edward,Klein,lindaallen@hotmail.com,"Lloyd, Young and Blair",Actor
Sherry,Clay,cjimenez@gmail.com,"Lloyd, Young and Blair",Retail banker
Michael,Parker,connie01@yahoo.com,"Lloyd, Young and Blair",Tree surgeon
Michael,Baker,kimberly53@gmail.com,"Lloyd, Young and Blair",Building services engineer
Jeremy,Norris,leonwinters@hotmail.com,Reid Group,Insurance underwriter
Colton,Miller,melanienelson@yahoo.com,Reid Group,Interior and spatial designer
Katherine,Burton,josephponce@fernandez.com,Reid Group,Osteopath
Briana,Barker,bentleyalexander@hotmail.com,"Garcia, Bell and Dickerson",Analytical chemist
Alicia,Yang,ericbernard@gmail.com,"Garcia, Bell and Dickerson",Bookseller
Brenda,Williams,qleon@yahoo.com,"Garcia, Bell and Dickerson","Scientist, research (life sciences)"
Rhonda,Moore,odavidson@white.org,"Garcia, Bell and Dickerson",Consulting civil engineer
David,Wood,davidalvarez@bell.biz,"Garcia, Bell and Dickerson",Pharmacologist
Brent,Montgomery,joseph90@yahoo.com,"Garcia, Bell and Dickerson",Chief Operating Officer
Johnny,Meza,nathanclark@acosta.biz,"Garcia, Bell and Dickerson",Market researcher
Robert,Mckay,greencarlos@gmail.com,"Garcia, Bell and Dickerson","Therapist, drama"
Michele,Morris,john61@yahoo.com,"Garcia, Bell and Dickerson","Teacher, adult education"
Joseph,Chavez,imartin@yahoo.com,"Foster, Navarro and Haynes","Therapist, occupational"
Shirley,Lang,vsweeney@dennis-walker.com,"Foster, Navarro and Haynes",Communications engineer
Kimberly,Stevens,rachelblack@kaufman-robbins.biz,"Foster, Navarro and Haynes",Product manager
Troy,Mckinney,meyereric@yahoo.com,"Foster, Navarro and Haynes",Cabin crew
Michelle,Calhoun,whoover@summers.org,"Foster, Navarro and Haynes",Make
Antonio,Henson,ureeves@parker-george.com,"Foster, Navarro and Haynes",Chief Operating Officer
Michael,Bridges,tallen@aguilar.com,"Foster, Navarro and Haynes","Engineer, agricultural"
Travis,Orozco,melissa42@yahoo.com,"Foster, Navarro and Haynes","Scientist, research (physical sciences)"
Laura,Choi,dennis56@hotmail.com,"Foster, Navarro and Haynes","Surveyor, rural practice"
Barry,Preston,gibbsmatthew@wagner.org,Strickland-Sparks,Radiation protection practitioner
Michael,Hayes,robertgibson@hotmail.com,Strickland-Sparks,"Development worker, community"
Robert,Campos,richarddavis@hotmail.com,Strickland-Sparks,Horticultural consultant
Tina,King,gmiller@hotmail.com,Strickland-Sparks,Patent examiner
Jason,Brown,bzavala@hotmail.com,Strickland-Sparks,Public house manager
Laura,Davis,xlee@bennett.org,Strickland-Sparks,"Loss adjuster, chartered"
Peter,Cortez,jacqueline38@bautista.com,Strickland-Sparks,Dispensing optician
Tammy,Coleman,mariastewart@gmail.com,Strickland-Sparks,Barrister's clerk
Lisa,Gregory,cassandra00@gutierrez-hart.net,Torres LLC,Health and safety inspector
Bobby,Smith,nicholskathy@wade-pierce.com,Torres LLC,"Secretary, company"
Jamie,Luna,wellsterri@hotmail.com,Torres LLC,"Doctor, hospital"
Nicole,Heath,jacobvelazquez@yahoo.com,Torres LLC,"Chemist, analytical"
Joanna,Williams,erik32@reyes.org,Torres LLC,Data processing manager
Jonathon,Herrera,david85@wilson.com,Torres LLC,Sub
Sean,Martin,weberstacey@orozco.com,Torres LLC,"Accountant, chartered"
Jessica,Hernandez,timothy69@porter.com,Torres LLC,"Engineer, technical sales"
John,Fletcher,bdennis@gmail.com,Torres LLC,Communications engineer
Claire,Smith,schmidtnancy@carter-lewis.org,Torres LLC,Aeronautical engineer
Patrick,Miller,cassandrablack@yu.org,Harrison-Hamilton,Control and instrumentation engineer
Blake,Harper,ebarr@gmail.com,Harrison-Hamilton,Transport planner
Colleen,Green,lorigarrett@hotmail.com,Harrison-Hamilton,Advertising account executive
Anthony,Sandoval,tklein@clark.biz,Harrison-Hamilton,"Social research officer, government"
Aaron,Smith,smithmonica@hotmail.com,"Jimenez, Turner and Conner",Statistician
Craig,Anderson,wagneramber@hotmail.com,"Jimenez, Turner and Conner",Marketing executive
Taylor,Mccarthy,joseball@gmail.com,"Jimenez, Turner and Conner",Horticultural consultant
